entry_id,project_name,app_name,app_url,institution_url,product_website,summary,title,topic_id
648,Benleo Group,Bitleo Wallet,https://bitleo.cc,https://benleogroup.com,https://bitleo.cc,"The first ‘Bring-Your-Own-Node’ Chrome extension wallet for Canton Network. Users connect through their own validator node — not a third-party RPC — for full sovereignty over their Canton interactions. Send and receive CC, manage participant identities, switch between parties, and connect to Canton ",Featured App Request: Benleo Group - Bitleo Wallet,118460056
645,Goldacorn Protocol,Goldacorn Protocol,https://www.goldacorn.space,https://www.goldacorn.space,https://www.goldacorn.space,"Goldacorn acts as a non-custodial matching and settlement engine bridging diverse liquidity pools. It facilitates: Retail P2P Crypto OTC: Using Daml-powered Escrow and Time-locks for seamless, trustless swapping of digital assets (e.g., Canton Coin to USYC) without relying on a centralized exchange ",Featured App Request: Goldacorn Protocol - Goldacorn Protocol,118444442
642,CryptoLegacy,CryptoLegacy,https://www.cryptolegacy.online,https://www.cryptolegacy.online,https://www.cryptolegacy.online,"CryptoLegacy acts as a Decentralized Guardian Network where users can publish ""Liveness Bounties."" Independent ""Guardians"" stake tokens to accept these verification tasks, earning Canton Coin by periodically interacting with users to verify their living status. If a user fails to respond after a gra",Featured App Request: CryptoLegacy - CryptoLegacy,118444441
641,Redpacket,Redpacket,https://www.redpacket.store,https://www.redpacket.store,https://www.redpacket.store,"Redpacket allows users (creators) to lock digital assets into intermediary-free ""smart envelopes"" and distribute them across social media or communities. It primarily supports: 1.Diverse Distribution: Equal distribution capabilities and fully randomized cryptographic allocation (Lucky Packets). 2.Se",Featured App Request: Redpacket - Redpacket,118444440
636,FireStar Digital,Prediction Market,https://eventualx.app/,https://eventualx.app/,https://eventualx.app/,"Canton Prediction Markets is a curated weekly prediction market running entirely on Canton. Each week, the community votes on a single binary question from 3–5 candidates, stakes into Yes/No via a simple parimutuel pool, and a designated resolver settles the outcome on-ledger using DAML templates an",Featured App Request: FireStar Digital - Prediction Market,118430135
629,LynoBridge,LynoBridge,https://lynobridge.com,https://lynobridge.com,https://lynobridge.com,"LynoBridge is the easiest way to bring Ethereum L2 liquidity to the Canton Network. Regardless of which token a user holds, they can receive USDCx on Canton in just a few steps: select a token, enter an amount, confirm. Relay Link handles the swap and CCTP handles the Canton transfer in the backgrou",Featured App Request: LynoBridge - LynoBridge,118395741
621,OKX,OKX CC Exchange Gateway,https://www.okx.com,https://www.okx.com,https://www.okx.com,"OKX CC Exchange Gateway enables Canton Coin (CC) deposits and withdrawals on one of the world's largest cryptocurrency exchanges. Users can deposit CC from external wallets to their OKX account, trade CC against other assets, and withdraw CC to external Canton addresses. This brings CC liquidity and",Featured App Request: OKX - OKX CC Exchange Gateway,118378274
617,Avro Digital,xCC Vault,https://www.avrofi.com/,https://www.avrofi.com/,https://www.avrofi.com/,"xCC Vault lets users deposit **Canton Coin (CC)** into a vault and receive **xCC**, a pool-share token. The vault maintains on-ledger accounting for total CC held and total xCC issued; the **exchange rate** (CC per xCC) increases as rewards accrue into the pool. Users can: * **Deposit CC → receive x",Featured App Request: Avro Digital - xCC Vault,118378273
611,Chynity Wallet,https://chynity.com,https://chynity.com/wallet,,https://chynity.com/wallet,"Chynity Wallet is a non-custodial cryptocurrency wallet operating directly within Telegram (via Telegram Web Apps) and built specifically for the Canton Network. The application allows users to securely store, send, and receive Canton Coin (CC) and other network assets using a familiar messenger int",Featured App Request: Chynity Wallet - https://chynity.com,118359607
606,Archerswap,MEME token and Coinflip,https://archerswap.finance/,https://archerswap.finance/,https://archerswap.finance/,"The application runs on the Canton Network (Global Synchronizer) with an App Provider participant, supports app-user participants, and is designed to list the meme token on a Canton DEX (e.g. CantonSwap) to drive trading volume and engagement.",Featured App Request: Archerswap - MEME token and Coinflip,118359606
595,ClearEcho,ClearEcho,https://www.clearecho.ink/,,https://www.clearecho.ink/,"ClearEcho securely and accurately bridges high-frequency real-world financial data (exchange rates, benchmark interest rates, commodity prices, etc.) to the Canton distributed ledger. It allows institutions to subscribe to exclusive data feeds for specific assets on-demand, ensuring data is only vis",Featured App Request: ClearEcho - ClearEcho,118310129
596,LayerZero,LayerZero,https://layerzero.network/,https://layerzero.network/,,The LayerZero Endpoint on Canton provides messaging capabilities and standardised interoperability between Canton and networks in the broader LayerZero ecosystem. The endpoint allows for integration with the LayerZero mesh network of 170+ blockchains as well as supported OFT contract interfaces for ,Featured App Request: LayerZero - LayerZero,118310127
598,PoolX Development Team,PoolX,https://poolx.online,https://poolx.online,https://poolx.online,"PoolX is a Cross-Network Liquidity Hub built exclusively for the Canton ecosystem. It aggregates digital assets (such as ETH, BTC, and USDC) from external blockchain networks via a decentralized MPC (Multi-Party Computation) bridge and securely provides deep liquidity pools for decentralized applica",Featured App Request: PoolX Development Team - PoolX,118310128
591,Finkfi Inc,Parthenon,https://parthenonfi.com/,https://parthenonfi.com/,https://parthenonfi.com/,Fixed rate lending for RWA and crypto asset on Canton network,Featured App Request: Finkfi Inc - Parthenon,118292540
579,Tori Labs,Tori Finance,https://canton.tori.finance,https://tori.finance/,https://canton.tori.finance,"Tori Finance is a synthetic dollar protocol that enables users to mint trUSD, a fully collateralized synthetic dollar, and stake it into strUSD, a yield-bearing vault that accrues value through share-price appreciation. The protocol is deployed on Canton because certain institutional counterparties ",Featured App Request: Tori Labs - Tori Finance,118274065
574,Helios Finance,Helios Credit Line & Card,https://canton-lending.helioscard.xyz/,https://www.heliosfinance.xyz/,https://canton-lending.helioscard.xyz/,"Helios Canton Credit lets Canton Coin holders open CC‑backed credit lines, borrow stablecoins against their CC as collateral, and spend instantly via a virtual or physical card—without selling their CC. Users deposit CC on Canton, draw stablecoin loans, and use our credit card for everyday payments,",Featured App Request: Helios Finance - Helios Credit Line & Card,118274064
572,CryptoBridges Capital,CRoulettes,https://www.croulettes.com/,https://www.cryptobridges.net/,https://www.croulettes.com/,CRoulettes is building a real game asset trading platform on the Canton Network designed for traditional gamers and independent game developers. We provide a full API integration system that allows developers to connect their existing games to the Canton Network with minimal modification. Through th,Featured App Request: CryptoBridges Capital - CRoulettes,118274063
571,catsmileproject,Splice Hub,https://splice-hub.catsmilepro.space,https://www.catsmilepro.space,https://splice-hub.catsmilepro.space,"Splice Hub is a comprehensive network explorer and monitoring tool for Canton Network. It provides real-time visibility into: - Network statistics (transactions, parties, validators, rewards) - Validator monitoring with detailed metrics (status, rounds participated, missed rounds, version, sponsor) ",Featured App Request: catsmileproject - Splice Hub,118255204
566,Winsnip,Winscan,https://canton.winsnip.xyz,https://winsnip.xyz,https://canton.winsnip.xyz,"Winscan is a blockchain explorer and analytics platform built for the Canton Network. It provides real-time visibility into validators, transactions, governance activity, rewards distribution, and overall network health. The goal of Winscan is to improve transparency and provide developers, validato",Featured App Request: Winsnip - Winscan,118255203
563,Celing,AAA,https://dev.celing.cc/login?redirect=%2Fdashboard,https://dev.celing.cc,https://dev.celing.cc/login?redirect=%2Fdashboard,"AAA serves as the premier privacy-native ""Value Router"" within the Canton ecosystem, integrating E2EE messaging, non-custodial wallets, and high-frequency Social-Fi modules. Built on Daml, it enables ""Communication as Transaction,"" supporting encrypted 1-on-1 negotiations and atomic transfers (e.g.,",Featured App Request: Celing - AAA,118255202
561,HandlPay,HandlPay: Additional featured Party ID to separate consumer app activity from asset issuer activity.,https://app.handlpay.com/,https://www.handlpay.com/,https://app.handlpay.com/,,Featured App Request: HandlPay - HandlPay: Additional featured Party ID to separate consumer app activity from asset is…,118255201
556,Changelly,Changelly to be considered as a Featured App and listed under Trading and Exchange partners,https://changelly.com/,https://changelly.com/,https://changelly.com/,"Changelly facilitates cross-chain swaps between Canton Coin (CC) and 1000+ other cryptocurrencies through its Website, App and API, providing access to Canton Coin swaps to its 300+ crypto wallets partners as well as via Web and App.",Featured App Request: Changelly - Changelly to be considered as a Featured App and listed under Trading and Exchange pa…,118236082
551,CryptoLegacy,CryptoLegacy,https://www.cryptolegacy.online,https://www.cryptolegacy.online,https://www.cryptolegacy.online,"CryptoLegacy is a privacy-first digital asset inheritance platform built on Canton. It ensures your digital wealth is safely passed to designated heirs without our platform ever accessing your data. Enjoy full control in life, and seamless inheritance after!",Featured App Request: CryptoLegacy - CryptoLegacy,118184700
548,Amberdata,SVI Oracle,https://docs.amberdata.io/http/analytics/derivatives/svi-minutely#svi-minutely,https://www.amberdata.io/,https://docs.amberdata.io/http/analytics/derivatives/svi-minutely#svi-minutely,This application will provide a calibrated volatility surface for both Bitcoin and Ethereum option markets found on Deribit. The SVI model gained traction among practitioners for its ability to fit market data more accurately and efficiently than other models. It became a standard tool for traders a,Featured App Request: Amberdata - SVI Oracle,118184699
539,Bit Dynamics AB,BitDynamics,https://bitdynamics.cc,https://bitdynamics.cc,https://bitdynamics.cc,Bit Dynamics is a modular on-ledger markets infrastructure designed to bring institutional-grade decentralized trading primitives to the Canton Network. The platform will launch in phases: • V1: Automated Market Maker (AMM) and Liquidity Pools for Canton-native and bridged assets . Our goal is to ma,Featured App Request: Bit Dynamics AB - BitDynamics,118166383
538,Thesauros Protocol,Thesauros Protocol,https://app.thesauros.io,https://thesauros.io/,https://app.thesauros.io,"Thesauros is a DeFi application that enables users to execute secure on-chain financial workflows (e.g., issuance, trading, collateralization, and settlement of digital assets) with a strong focus on risk controls, transparency, and auditability. The application provides an interface and backend ser",Featured App Request: Thesauros Protocol - Thesauros Protocol,118166382
536,Timelock Labs,Multi Signature Wallet,,,,,Featured App Request: Timelock Labs - Multi Signature Wallet,118166381
534,Timelock Labs,Multi signature wallet,https://timelock.tech/,https://timelock.tech/,https://timelock.tech/,Canton Secure Multi-Signature Wallet is a digital asset custody and transaction authorization application designed for institutional users on the Canton Network. The wallet introduces a multi-party approval mechanism where multiple authorized signers must jointly approve a transaction before it can ,Featured App Request: Timelock Labs - Multi signature wallet,118166380
535,Cordial Systems,Enabling Canton Coin listings at exchanges via Cordial support for Canton,https://cordialsystems.com/,https://cordialsystems.com/,,By supporting Canton Network in our wallet then several exchanges and traders can interact with Canton Coin,Featured App Request: Cordial Systems - Enabling Canton Coin listings at exchanges via Cordial support for Canton,118166379
523,Launchnodes,CCBeacon,https://ccbeacon.com,https://www.launchnodes.com,https://ccbeacon.com,"CCBeacon is a real-time analytics dashboard for the Canton Network, currently live in beta at http://ccbeacon.com. It provides a clear, accessible view of network health, validator performance, global Canton Coin pricing, and ecosystem activity for participants, institutions, and researchers. There ",Featured App Request: Launchnodes - CCBeacon,118128181
519,Lumarion Labs LLC,Clareos,https://clareos.cc/,https://www.lumarionlabs.com/,https://clareos.cc/,"Clareos is a settlement oracle for prediction markets on the Canton Network. Unlike existing oracles that focus on asset pricing for DeFi and tokenization, Clareos is purpose-built for prediction market resolution — publishing real-world outcome data and issuing immutable on-ledger settlement attest",Featured App Request: Lumarion Labs LLC - Clareos,118109470
509,Cancore,Cancore,https://cancore.io,https://x.com/cancore_io,https://cancore.io,"Cancore enables users to execute Canton-native asset transfers and swaps, beginning with atomic swaps and later expanding into liquidity-pool-based execution. The product is designed to make it easier for users and liquidity providers to access, move, and trade assets connected to the Canton ecosyst",Featured App Request: Cancore - Cancore,118057646
514,Nexode,Nexode,https://nexode.io/,https://nexode.io/,https://nexode.io/,"Nexode is a prediction market platform where users trade on the outcomes of real-world events. Users buy and sell outcome shares (Yes/No) through a central limit order book, with prices reflecting the market's collective probability estimate. Markets span categories including sports, crypto, enterta",Featured App Request: Nexode - Nexode,118057645
507,Ants Global Inc (Tap Ants),Tap Ants,https://app.tapants.com/,https://tapants.com/,https://app.tapants.com/,"Tap Ants is a high-volume, gamified marketing platform where users participate in structured 30-day campaigns to discover and engage with new Web3 projects and brands. For our partners, we provide a cost-effective user acquisition channel that combines entertainment with education—driving deeper eng",Featured App Request: Ants Global Inc (Tap Ants) - Tap Ants,118026264
504,Sats Terminal,OneSwap,https://www.satsterminal.com,https://www.satsterminal.com,,"OneSwap is an automated market maker (AMM) built natively on the Canton Network. It enables permissionless token swaps between Canton Coin (CC), USDCx, and other CIP56-standard tokens using an intent-based deposit system no manual confirmations required. Developers can also embed swap functionality ",Featured App Request: Sats Terminal - OneSwap,118026263
501,WolfEdge Labs,Calden,http://calden.xyz/,http://wolfedgelabs.com/,http://calden.xyz/,"Calden is a non-custodial Canton Network wallet that enables users to manage their on-ledger identity, view balances, send and receive Canton Coin and CIP-56 tokens, and track transaction history all in one interface. Calden offers one of the easiest user onboarding flows. The application provides b",Featured App Request: WolfEdge Labs - Calden,118026262
498,Tothemoon,Tothemoon,https://tothemoon.com/,https://tothemoon.com/,https://tothemoon.com/,"Tothemoon provides a unified crypto infrastructure for both retail users and institutions, combining trading, custody, payments, EU-compliant environment. The platform enables seamless fiat on/off-ramps, real-world crypto payments, institutional liquidity access and treasury management across multip",Featured App Request: Tothemoon - Tothemoon,118026261
473,Rivera Money Inc.,Raven Market,https://raven.market,https://rivera.money,https://raven.market,"Raven Market is a Canton-native digital options trading protocol that enables users to express directional price conviction on crypto assets through fixed-payout contracts. The application provides always-on liquidity via an on-chain AMM, enforces deterministic expiry and settlement logic in DAML, a",Featured App Request: Rivera Money Inc. - Raven Market,117937021
488,"ZERO UNIVERSE TECHNOLOGY CO.,LTD",Tiva,https://otc.tiva.one/,https://www.tiva.one/,https://otc.tiva.one/,"Tiva.one is a decentralized over-the-counter (OTC) marketplace built on the Canton Network and the Splice V2 standard. Leveraging Daml smart contracts and their Atomic Swap capabilities, it enables users to securely exchange tokenized assets (such as Amulet CC and CBTC) in a trust-minimized environm","Featured App Request: ZERO UNIVERSE TECHNOLOGY CO.,LTD - Tiva",117990546
480,"RootsFi, Inc.",Bridge by Roots,https://bridge.rootsfi.com,https://rootsfi.com,https://bridge.rootsfi.com,RootsFi,"Featured App Request: RootsFi, Inc. - Bridge by Roots",117971861
475,"Nine Realms Inc, DBA “AvroFi”",xCC Vault,https://www.sciondigitalgroup.com/pools,https://ninerealms.com/,https://www.sciondigitalgroup.com/pools,"The xCC Vault lets users deposit Canton Coin (CC) into a vault and receive xCC, a pool-share token. The pool maintains on-ledger accounting for total CC held and total xCC issued; the exchange rate (CC per xCC) increases as rewards accrue into the pool. users can Deposit CC -> receive xCC, transfer ","Featured App Request: Nine Realms Inc, DBA “Scion Digital Group” - ScionPool",117953474
474,Bit Dynamics AB,Bit Dynamics,https://bitdynamics.cc,https://bitdynamics.cc,,Bit Dynamics is a modular on-ledger markets infrastructure designed to bring institutional-grade decentralized trading primitives to the Canton Network. The platform will launch in phases: • V1: Automated Market Maker (AMM) and Liquidity Pools for Canton-native and bridged assets • V2: Concentrated ,Featured App Request: Bit Dynamics AB - Bit Dynamics,117953473
471,Hundred Exchange,Hundred Exchange,https://app.hundred.exchange,https://hundred.exchange,https://app.hundred.exchange,"Hundred Exchange is an equity perpetual futures DEX built on the Canton Network that enables 24/7 leveraged trading of U.S. stocks and indices on-chain. Users can go long or short on equities like Tesla and NVIDIA, as well as the XYZ100 index (tracking 100 large-cap NASDAQ-listed companies), using U",Featured App Request: Hundred Exchange - Hundred Exchange,117937020
465,BitDynamics AB,Cantonmarkets,https://cantonmarkets.cc,https://cantonmarkets.cc,https://cantonmarkets.cc,Canton Markets by Bit Dynamics AB is a modular on-ledger markets infrastructure designed to bring institutional-grade decentralized trading primitives to the Canton Network. The platform will launch in phases: • V1: Automated Market Maker (AMM) and Liquidity Pools for Canton-native and bridged asset,[WITHDRAWN] Featured App Request: BitDynamics AB - Cantonmarkets,117922837
456,Etherfuse,Etherfuse Stablebonds,https://app.etherfuse.com,http://etherfuse.com,https://app.etherfuse.com,"Etherfuse tokenizes short-term sovereign debt (≤90 days maturity) into fully-collateralized, yield-bearing digital assets called Stablebonds. Each token represents direct ownership of government-issued bonds with continuous compounding yield embedded into token value. Currently live with $30M TVL ac",New Featured App Request: Etherfuse,117888326
453,Edel,Edel,https://testnet.edel.finance,https://edel.finance,https://testnet.edel.finance,Edel on Canton will allow users to buy tokenized equities using USDCx. These tokenized equities can be freely transferred without the need for any KYC as only minting and redeeming the stock tokens requires KYC. This will be used for social media/website descriptions 4,New Featured App Request: Edel,117888325
446,TradeChain,TradeChain,https://tradechain.finance,https://tradechain.finance,https://tradechain.finance,"TradeChain tokenizes trade finance invoices on Canton and operates TradeFlow, an Order Book for secondary trading between verified institutional counterparties. Originators upload verified invoices, which are fractionalized into 1,000 tradeable units, sold to investors at a discount, traded on Trade",New Featured App Request: TradeChain,117870921
449,ChainDAQ,Zapio Pay,https://www.zapiopay.com,https://www.chaindaq.com,https://www.zapiopay.com,"The fun way to transact! ZapioPay is a Canton-native payments app built with a fun-first approach to onboard everyday users into the Canton Network. Users can zap payments to friends, tip creators, and send/receive Canton Coin (CC) and stablecoins through a playful, intuitive interface that abstract",New Featured App Request: ChainDAQ,117870920
447,Ilia Savelev,One Estate,https://www.humaineone.estate/,https://www.humainedigital.com/,https://www.humaineone.estate/,"A digital property management platform that allows Dubai real estate investors to receive rent in real time and manage their properties remotely. The app includes practical tools designed for foreign investors, such as contract reminders, contract review support, rent price adjustment tracking, prop",New Featured App Request: Ilia Savelev,117870919
445,Kora,Kora,https://kora.so/,https://kora.so/,https://kora.so/,"Kora is building the private trading infrastructure for onchain markets, enabling spot, perpetual, and RWA trading on the Canton Network. This will be used for social media/website descriptions 4",New Featured App Request: Kora,117870918
,Prime Grid Solutions 3.,Prime Grid Solutions,https://rngsolutions.cc,https://primegridsolutions.com/,https://rngsolutions.cc,,New Featured App Request: Prime Grid Solutions,117852911
442,EDX Markets LLC,EDX Markets LLC,https://edxmarkets.com/,https://edxmarkets.com/,https://edxmarkets.com/,A trading venue that lists many spot pairs including CC/USD This will be used for social media/website descriptions 4,New Featured App Request: EDX Markets LLC,117852910
434,Real World Asset Global Innovation Research Institute,Marco Yang,https://www.rwa-union.com/,https://www.rwa-union.com/,https://www.rwa-union.com/,"Union Prime Liquidity is a technology platform providing liquidity management platform and strategy workflow solutions for clients on the Canton Network. The platform supports capital deployment planning, structured trading processes, and settlement coordination through secure, compliant system desi",New Featured App Request: Real World Asset Global Innovation Research Institute,117834899
431,CC Bot,CC Bot Wallet,https://ccbot.io,https://ccbot.io,https://ccbot.io,"CC Bot Wallet is a Telegram Mini App wallet that brings Canton Network to 950M+ Telegram users. Users can manage CC tokens, send/receive transfers, swap tokens via DEX, bridge assets cross-chain, and interact with Canton dApps through WalletConnect - all within Telegram without downloading any app. ",New Featured App Request: CC Bot,117819895
429,Falcon Capital (BVI) Ltd,TRNGLE,http://trngle.xyz,http://trngle.xyz,http://trngle.xyz,"TRNGLE is a terminal based proprietary RFQ (Request For Quote) platform that enables seamless atomic swapping of CIP-56 tokens on the Canton Network. The system allows any user with a compatible wallet, to request for a quote to swap any CIP-56 asset on chain and atomically swap those quotes with li",New Featured App Request: Falcon Capital (BVI) Ltd,117805577
342,RedStone Oracles,RedStone Oracle,https://www.redstone.finance/price-feeds,https://redstone.finance/,https://www.redstone.finance/price-feeds,"Headline: Institutional-grade oracle infrastructure securing $10B+ in DeFi and RWA markets. Copy: RedStone is the core and trusted oracle provider for institutional real-world assets on Canton, serving clients tokenizing assets such as BlackRock, Apollo, VanEck, Hamilton Lane and more. With 100% upt",New Featured App Request: RedStone Oracles,117540491
423,"CANex (AZX, BingX and DeSyn Joint Venture）","CANex (AZX, BingX and DeSyn Joint Venture）",,,,,"New Featured App Request: CANex (AZX, BingX and DeSyn Joint Venture）",117788320
420,Roostone Capital,Cantoracle,https://cantoracle.com,https://roostonecapital.com,https://cantoracle.com,"Cantoracle provides deterministic, cryptographically signed S&P 500 index price data and constituent pricing for DAML-based smart contracts. The oracle enables tokenized index products, NAV-based instruments, structured payoff contracts, and collateral-triggered mechanisms to reference external mark",New Featured App Request: Roostone Capital,117788319
407,Rails Tech Ltd,cETH,https://ceth.network,https://ceth.network,https://ceth.network,"cETH is a 1:1 backed representation of ETH on Canton, enabling users to use ETH for trading, collateral, private transfers, and future yield-oriented use cases",New Featured App Request: Rails Tech Ltd,117752366
406,Rapid Blockchain Technologies Ltd.,Rapid Chain,https://rapidchain.io/,https://rapidchain.io/,https://rapidchain.io/,"Rapid Chain provides a high-performance execution environment for digital assets and Real World Asset (RWA) tokenization. The system performs order matching, batching, and transaction execution off-ledger, while anchoring final settlement and state commitments to the Canton Network via the Global Sy",New Featured App Request: Rapid Blockchain Technologies Ltd.,117752365
403,Rho Labs (Arda Solutions LLC MENA FZ),Rho Relay,https://relay.rho.trading/,https://rho.trading/,https://relay.rho.trading/,"Rho Relay turns Canton into the universal institutional grade private settlement layer for cross-chain trading infrastructure. Any token, any chain - settled through Canton with built in privacy, zero slippage, MEV protection, and full auditability. We are building the bridge that makes Canton the c",New Featured App Request: Rho Labs (Arda Solutions LLC MENA FZ),117733844
392,Yogen,Yogen Market,https://yogenmarket.com/,https://yogenmarket.com/,https://yogenmarket.com/,,New Featured App Request: Yogen,117715074
260,Hawk Nodes,Monica,https://hawknodes.com,https://hawknodes.com,,"We propose placing a lightweight on-ledger marker per validator to attest continued online presence. These markers create an immutable, time-stamped audit trail, enabling independent verification of validator uptime and supporting future compliance and 99% availability claims. Our monitoring client ",New Featured App Request: Hawk Nodes,117275014
370,Launchnodes,FlowP2P,https://www.launchnodes.com/canton/,https://www.launchnodes.com/canton/,https://www.launchnodes.com/canton/,"FlowP2P is a peer-to-peer exchange platform, built for the Canton network, enabling individuals and institutions to make or take offers for Canton Coin and other CIP-56 tokens. The platform enables any individual or entity that uses the platform to make or take offers for Canton Coin or other eligib",New Featured App Request: Launchnodes,117667616
368,K2F Labs,Walley,https://walley.cc/,https://k2flabs.com/,https://walley.cc/,"Walley is a secure, non-custodial wallet application for users interacting with the Canton Network. It enables users to hold and transact Canton Coin, interact with approved smart contracts, and participate in Canton-based applications while maintaining full self-custody. Walley natively supports CI",New Featured App Request: K2F Labs,117649311
361,Noders LLC,BillsFactory.cc,https://billsfactory.cc,https://noders.team,https://billsfactory.cc,"BillsFactory is a billing application for recurring payments within the Canton ecosystem. It enables merchants to define products and pricing plans in advance and create multiple subscriptions in a single batch, significantly simplifying subscription management. In future updates, the platform will ",New Featured App Request: Noders LLC,117630063
363,Ledger,Ledger Wallet & Ledger Enterprise,https://www.ledger.com/,https://www.ledger.com/,https://www.ledger.com/,"Ledger enables users to secure, store, and transact with CC and other Canton assets via its premier hardware security devices as well as its platform’s Ledger Live and Ledger Enterprise.",New Featured App Request: Ledger,117630062
352,Trade.Fast,Trade.Fast Prediction Market,https://trade.fast/predict,https://trade.fast,https://trade.fast/predict,Trade.Fast Prediction Market is a high-performance prediction market platform built on the Canton Network that combines the security of on-chain settlement with sub-second trading execution. It allows users to trade on the outcome of real-world events with instant settlement.,New Featured App Request: Trade.Fast,117592196
330,tothemoon.com,tothemoon.com,,,,,New Featured App Request: tothemoon.com,117522284
318,wuselfabrik GmbH,Wuselcookie,https://wuselfabrik.de,https://wuselfabrik.de,,"Wuselcookie is a lightweight consent management system that stores cookie consent records on the Canton ledger. When users accept or reject cookies, their decision is recorded on-chain, providing tamper-proof audit trails for GDPR Article 7 compliance. A 3KB JavaScript widget handles the frontend, w",New Featured App Request: wuselfabrik GmbH,117484290
277,FTP,CanTrustAi,https://www.cantrustai.xyz,https://ftptech.xyz,https://www.cantrustai.xyz,"CanTrustAi acts as an on-chain proxy between users and AI model providers, delivering unified API access to the world’s most popular models such as Sora 2, Nano Banana, Claude Sonnet 4.5, Gemini, and others while settling payments using Canton Coin. Users and agents pay exactly for the compute they ",New Featured App Request: FTP,117325453
307,"Global Settlement Holdings, Inc",GSX Money On/Off-Ramp,https://globalsettlement.com,https://globalsettlement.com,,"GSX is building the preferred on/off-ramp for compliant USD stablecoin settlement on Canton. Our application enables seamless KYC/AML-verified issuance, redemption, and transfer of bank-issued, 1:1 backed stablecoins across Canton and external chains. Institutions can move value atomically between t","New Featured App Request: Global Settlement Holdings, Inc",117431661
304,Haven Digital Partners (legal entity name – HDP Capital Management Ltd),Haven Digital Partners,https://canton-lending.havendp.com/login,https://www.havendp.com/,https://canton-lending.havendp.com/login,Haven Digital Partners offers a third-party qualified-custodial permissioned peer-to-peer lending platform for institutions and accreditor investors to lend/borrow any asset on Canton at tailored terms (collateralized and undercollateralized). All institutions are onboarded through a KYC/AML process,New Featured App Request: Haven Digital Partners (legal entity name – HDP Capital Management Ltd),117431660
303,TuPack,Hasnad Munir Lodhi,https://tupack.io,https://tupack.io,https://tupack.io,"TuPack is a multichain, multigame monetization engine. Web3 games and P2E have failed to retain their users but traditional games like GTAV, Tekken 8, DOTA, etc. have not. TuPack connects web2 games with web3 infrastructure by allowing users to wager on their own matches, conducting match-making, an",New Featured App Request: TuPack,117431659
290,Fairmint Transfer Agent,Onchain Transfer Agent (OTA),https://transfer-agent.xyz,https://transfer-agent.xyz,,"Onchain Transfer Agent (OTA) finalizes issuance and ownership changes for tokenized securities on Canton Network. The application records ledger-final state transitions that create, transfer, or condition enforceable economic rights, providing an authoritative source of truth for tokenized ownership",New Featured App Request: Fairmint Transfer Agent,117395595
286,Republic Crypto LLC,Republic Wallet,https://republic.com/wallet,https://republic.com,https://republic.com/wallet,"Republic Wallet is a self-custody, multi-chain digital asset wallet enabling retail and institutional investors to hold, manage, and transact with the Canton ecosystem.",New Featured App Request: Republic Crypto LLC,117377713
283,Bud Novin,LSEG DiSH,http://lseg.com,http://lseg.com,,DiSH Cash for Universal commercial bank money,New Featured App Request: Bud Novin,117359338
265,Yuce,YUCE,https://www.yuce.trade/,https://www.yuce.trade/,,"Our long-term vision is to build a decentralized, compliant, and privacy-preserving Global Awareness Layer. In this infrastructure, humanity’s collective intelligence can be securely, quantitatively, and continuously expressed and aggregated through market mechanisms. This layer is designed to suppo",New Featured App Request: Yuce,117310729
268,HIFI,HIFI,https://docs.hifibridge.com/guides/quickstart,https://www.hifi.com/,https://docs.hifibridge.com/guides/quickstart,"HIFI provides the infrastructure layer that enables global financial institutions and enterprises to securely access and operate both stablecoins and tokenized U.S. Treasury exposure on Canton, with privacy, compliance, and deep liquidity, best FX capabilities built in. We help institutions deploy c",New Featured App Request: HIFI,117310728
257,Hecto Finance,Hecto Finance,https://www.hecto.finance/,https://www.hecto.finance/,https://www.hecto.finance/,"At its core, HECTO introduces a new framework for tokenising, managing, and distributing exposure to pre-IPO and private-equity assets, making these opportunities accessible to both retail and institutional investors. The platform is designed to simplify participation in markets that have traditiona",New Featured App Request: Hecto Finance,117257163
248,Proton43,Proton43 Chores,https://proton43.coin/chores,https://proton43.coin,https://proton43.coin/chores,"Proton43 Chores assigns chores fairly across a group, tracks completion, and automatically pays small Canton Coin rewards when a chore is verified as done.",New Featured App Request: Proton43,117202945
246,CaviarNine Limited,Cantex,https://cantex.io,https://caviarnine.com,https://cantex.io,"Cantex is an institutional-grade, non-custodial on-chain exchange combining an AMM DEX and a high-throughput limit order book, with atomic on-ledger settlement. It includes integrated wallet functionality for managing holdings, allocations, and transfers, with dedicated desktop and mobile user inter",New Featured App Request: CaviarNine Limited,117187850
244,Send Foundation,Pool Party,https://send.cantonwallet.com,https://send.it,https://send.cantonwallet.com,"Pool Party is a decentralized exchange (DEX) built on Canton Network that enables atomic token swaps and liquidity provision. Users can swap tokens instantly through AMM liquidity pools, provide liquidity to earn LP tokens and trading fees, and benefit from Canton’s atomic settlement guarantees for ",New Featured App Request: Send Foundation,117148363
228,Boosty Labs,Bridge.utexo,https://bridge.utexo.com/,https://boostylabs.com/,https://bridge.utexo.com/,Our goal is to introduce assets from other blockchains to Canton. The problem we solve - bringing liquidity from other blockchains to Canton and increase DeFi market TVL. First goal - official bridging of USDT to Canton.,New Featured App Request: Boosty Labs,117130021
227,LILIZ,CSpaceX,https://cspacex.liliz.app/,https://liliz.app/,https://cspacex.liliz.app/,"SPaceX is a next-generation space strategy game platform that combines immersive 3D WebGL planet visualization with comprehensive resource management, building construction, research systems, and AI-powered strategic advisory. The platform enables players to build and manage space colonies, conduct ",New Featured App Request: LILIZ,117101378
221,Supanova,Supanova,https://supanova.app/,https://supanova.app/,https://supanova.app/,,New Featured App Request: Supanova,117052679
,HandlPay by Verso Network AG,: HandlPay,,,,": HandlPay makes crypto payments as easy as sending a message. By turning social media handles and WhatsApp numbers into multi chain wallet addresses, anyone can receive stablecoins like USDC instantly. HandlPay is built for non crypto natives and removes the need to understand blockchains, copy wal",New Featured App Request: HandlPay by Verso Network AG,115916022
197,BitGo,Qualified Custodyt,https://app.bitgo.com/,https://www.bitgo.com,https://app.bitgo.com/,Qualified Custody Wallet for Canton Coin and other Canton Token Standard digital assets in the Canton Network such as USDCx and CBTC.,New Featured App Request: BitGo,116929883
125,Validity.id Inc.,Validity Registry,https://validity.id/#benefits,https://validity.id/,https://validity.id/#benefits,"Validity offers a seamless path for organizations to publish cryptographically authenticated data, instantly verified through an embedded Registry form that checks each claim against its blockchain identifier. Just as blockchain adoption made money move without intermediaries, Validity enables trust",New Featured App Request: Validity.id Inc.,116572309
,Orphil LLC (Agentic Ledger),: Agentic Ledger,,,,": AgenticLedger enables enterprises to On Platform 1. Create, manage and distribute specialized AI agents. (eg. a Canton Network Expert) On Canton 2. Create ownership tokens to establish proof of agent ownership on Canton 3. Issue usage tokens on Canton to license these agents to other parties Here ",New Featured App Request: Orphil LLC (Agentic Ledger),115692304
190,Silvana,Silvana Book,https://silvana.one,https://silvana.one,https://silvana.one,"Silvana Book enables private, ultra-fast off-chain order matching with parties’ complete asset control and secure atomic on-chain settlement on the Canton blockchain. Silvana enables agentic trading and settlement. Proving agents can prove aggregated trading data, such as average daily prices, using",New Featured App Request: Silvana,116897870
173,Ubyx,Ubyx Clearing,https://ubyx.xyz,https://ubyx.xyz,https://ubyx.xyz,"The application is already live without the FA status. It offers the conversion between stablecoins, tokenized demand deposits, tokenized money market funds, etc., and fiat at par value directly with the respective issuer, rather than through an exchange.",New Featured App Request: Ubyx,116805831
172,Tenkai GmbH,Cansai,https://cansai.app,https://tenkai.ch,https://cansai.app,"Cansai is the first fully native iOS wallet built specifically for the Canton Network. It enables users to securely store, manage, and interact with multiple Canton Network assets through a seamless, intuitive mobile experience. Designed with security, privacy, and usability at its core, Cansai is a",New Featured App Request: Tenkai GmbH,116805830
171,FTP Tech,Cantoons,https://cantoons.fun,https://ftptech.xyz,https://cantoons.fun,Cantoons is an on-chain game where players engage in battles against alien enemies and to earn limited rare in-game diamonds. Each gameplay session is started and finalized by submitting a dedicated on-chain transaction that records game results on the Canton ledger. All the users’ scores will be re,New Featured App Request: FTP Tech,116788208
164,Potamus Engagement,CC Thank You,https://potamusengagements.com/,https://potamusengagements.com/,,"CC Thank You is a lightweight social micro-payment tool like Venmo designed to make appreciation easy and joyful on the Canton Network. It enables users to send small “thank you” payments to one another using Canton Coin. The focus is high-frequency, user-driven interactions that create genuine netw",New Featured App Request: Potamus Engagement,116742042
165,K2F Labs,Cantory,https://www.cantory.cc/,https://k2flabs.com/,https://www.cantory.cc/,"Cantory is a CIP-0056 compliant token factory service for Canton Network, enabling enterprises to issue and manage their own tokens that work seamlessly with Canton wallets and the broader Canton ecosystem. That allows users to interact with our own token standard registry. Token Issuance: Enterpris",New Featured App Request: K2F Labs,116742041
152,Node Fortress,Node Fortress Wallet,https://wallet.nodefortress.io,https://nodefortress.io,https://wallet.nodefortress.io,Node Fortress wallet provides a non-custodial wallet solution with initial support for transacting Canton Coin (CC) and other CIP-56 compliant tokens on the Canton Network.,New Featured App Request: Node Fortress,116690170
,FDF Technologies,Vala Wallet: Canton Non Custodial Web Wallet with Featured App Integrations,,,,"Vala Wallet is a strictly non-custodial web wallet that serves as the primary gateway to the Canton ecosystem. It allows users to generate and store keys client-side (via passkeys, hardware modules, or local KMS). The wallet provides seamless access to the full spectrum of ""Allfi"" apps including Fea",New Featured App Request: FDF Technologies,116707963
149,Remind Nation,RemindView,https://remindnation.tech/explorer,https://remindnation.tech,https://remindnation.tech/explorer,"RemindView is a comprehensive blockchain explorer and analytics platform for Canton Network, designed to provide users with transparent, real-time insights into network activity. The platform enables users to explore transactions, monitor validators, analyze governance decisions, and track party add",New Featured App Request: Remind Nation,116671684
142,WebWise Capital,Canton Predict,https://webwise.vc/,https://webwise.vc/,,"Canton Predict is a decentralized prediction-market platform built on the Canton Network, enabling users to trade on the outcomes of future crypto events using DAML contracts synchronized via the Global Synchronizer (GS). Every prediction market is represented as a DAML template containing two key s",New Featured App Request: WebWise Capital,116642290
140,LILIZ,VeriGift Fund,https://liliz.app/,https://liliz.app/,,"A fundraising platform combining public welfare and entertainment. The website is used for fundraising and carrying out charitable causes, integrated with an entertainment-based ""blind box"" activity. A portion of the funds from user participation will be automatically allocated to the charity fund.",New Featured App Request: LILIZ,116626238
130,Lorenzo,enzobtc,https://app.lorenzo-protocol.xyz/otf,https://www.lorenzo-protocol.xyz/,https://app.lorenzo-protocol.xyz/otf,"Our application provides a yield vault and liquidity gateway on the Canton Network for Lorenzo’s enzoBTC. enzoBTC is the official Lorenzo-wrapped Bitcoin standard, redeemable 1:1 for native BTC and currently used as “cash” and collateral across the Lorenzo ecosystem with several hundred million doll",New Featured App Request: Lorenzo,116608337
134,Axymos Systems Limited,xNS,https://xns.axymos.dev/,https://xns.axymos.dev/,https://xns.axymos.dev/,"xNS is the naming and routing layer for Canton. Instead of copying opaque Canton party IDs, users and institutions use names like alice.canton or desk1.fx.bankx.canton. Wallets and apps call xNS to turn those names into the correct Canton party and routing metadata before a transaction is sent. Rela",New Featured App Request: Axymos Systems Limited,116608336
,ALUM LABS,: Canton Monitor,,,,": Canton Monitor allows node operators to monitor their validator(s). Canton Monitor provides insights into how the hardware is running, checks what version of splice-node is used, sends an alert via Telegram bot if the validator is underperforming, and also sends a daily balance update based on Par",New Featured App Request: ALUM LABS,115364506
,AKASEC,AKASEC,,,,,FW: New Featured App Request: AKASEC,116029255
117,Plume Network,Nest by Plume,https://plume.org/,https://plume.org/ecosystem,https://plume.org/,"Nest by Plume is a decentralized application that enables users to access institutional-grade RWAs through non-custodial, on-chain vaults. Users deposit stablecoins into vaults, which allocate capital into professionally managed investments — such as bonds, credit products, and other regulated asset",New Featured App Request: Plume Network,116496718
102,ChainSafe Systems,DAML Autopilot,https://chainsafe.github.io/cantonware-website/,https://chainsafe.io,https://chainsafe.github.io/cantonware-website/,DAML Copilot presents a suite of tools to assist Canton ecosystem developers with CI automation and an MCP AI server assistant. The CI tool delivers GitHub Actions workflows that eliminate manual DAML and Canton setup in CI environments. It allows users to install the DAML SDK and Canton with a sing,New Featured App Request: ChainSafe Systems,116420128
94,Synthetify Labs,Nightly Wallet,https://nightly.app/,https://synthetify.io/,https://nightly.app/,"Nightly Wallet is a multi-chain, non-custodial crypto wallet designed to allow users to securely manage keys, hold digital assets, and interact with decentralized applications. Within the Canton Network, Nightly will serve as an accessible interface for managing Canton Coin and other Canton-native t",New Featured App Request: Synthetify Labs,116404078
91,Noves,CC Browser,https://ccbrowser.com,https://noves.fi,https://ccbrowser.com,"CC Browser is a new, hybrid explorer experience that spans multiple experiences including a website, a browser extension, and the Noves Data App, creating a seamless experience for users to explore public and private data on the Canton Network.",New Featured App Request: Noves,116387361
87,Rhein Finance (developed by Mosaic Lab Inc.),Miriam Mozias,https://rhein.finance,https://www.mosaiclab.xyz/,https://rhein.finance,Rhein Finance is a secured DeFi lending protocol built natively for the Canton Network. It enables permissioned lenders and borrowers to originate and manage collateralized loans via private ledger-synchronized smart contracts written in Daml.,New Featured App Request: Rhein Finance (developed by Mosaic Lab Inc.),116369835
60,Changelly,Changelly to be considered as a Featured App and listed under Trading and Exchange partners,https://changelly.com/,https://changelly.com/,https://changelly.com/,"Changelly facilitates cross-chain swaps between Canton Coin (CC) and 1000+ other cryptocurrencies through its Website, App and API, providing access to Canton Coin swaps to is 300+ crypto wallets parnters",New Featured App Request: Changelly,116288050
57,Tradeweb,Tokenized Digital Assets Trading,http://www.tradeweb.com,http://www.tradeweb.com,,"Tradeweb’s 24x7 trading platform offers users access to electronically-traded liquidity that goes beyond traditional settlement constraints. Covering both Cash and Repo, the platform offers enhanced efficiencies in execution and post trade events, real time atomic settlement, and shortened trading p",New Featured App Request: Tradeweb,116274345
51,Talos,Coin Metrics Network Intelligence App,https://www.talos.com/,https://www.talos.com/,,"​​The Coin Metrics Network Intelligence App brings transparency and precision to the Canton blockchain, transforming raw on-chain activity into structured, financial-grade records. Track balances, subaccount activity, and entity-to-entity transfers with clarity, including validator rewards, app ince",New Featured App Request: Talos,116270146
48,Scifecap,"SciFeCap Yield Infrastructure Suite – Yield optimization tools, automated vault management, DeFi infrastructure, and financial automation services for Canton Network participants.",https://scifecap.com,https://scifecap.com,https://scifecap.com,"SciFeCap provides yield optimization infrastructure for Canton Network participants. We build automated tools and vaults that help users maximize returns from yield-bearing assets through continuous compounding, automated reward claiming, and position rebalancing. Our initial focus includes automate",New Featured App Request: Scifecap,116252332
,Hashrupt Limited,": Verity: Trust, trade, and lend: the safe harbor for onchain bridge finance.",,,,": Verity, built on the Canton Network, is an innovative bridge financing platform connecting borrowers and lenders in decentralized finance. It offers secure, atomic settlement for on-chain assets and robust on/off-ramp functionalities for fiat currencies, bridging traditional and decentralized fina",New Featured App Request: Hashrupt Limited,115862569
,Send Foundation — Privat Vault,Send Foundation — Privat Vault,,,,"Enable institutions, business, and consumers to securely interact with Canton Network powered by a non custodial vault with threshold signatures. Demo Video (optional): https://x.com/ethentree/status/1985120360128459030 Emails for Responsible Persons: eho@..., ethen@..., brandon@..., allen@... Addit",New Featured App Request: Send Foundation — Privat Vault,116245356
,Bitsafe,"Disclaimer You may not use the Canton name, logo, or any other Canton trademark in, or as part of, your product or service name. BRAND GUIDLINES: Acknowledged",,,,": Bitsafe Vaults is a Canton Network yield vault application based on the ERC-4626 and 7540 standards. It lets users deposit CBTC and other CIP-56 tokens into privacy-preserving, audited vaults that generate yield from on-chain and off-chain strategies. The vault automatically tracks deposits, withd",New Featured App Request: Bitsafe,116245265
,Otoclick App,"Disclaimer You may not use the Canton name, logo, or any other Canton trademark in, or as part of, your product or service name. BRAND GUIDLINES: Tabiri Markets",,,,": Tabiri Market is Canton Network's first prediction market platform where users trade on the outcomes of real-world events. Users buy and sell shares representing event probabilities (YES/NO outcomes), with prices reflecting market consensus. The platform uses an automated LMSR market maker for ins",New Featured App Request: Otoclick App,116245247
37,Palladium (Sats Labs Inc.),Alpend,https://palladiumlabs.org,https://palladiumlabs.org,,"Alpend is a decentralized money market built on the Canton Network. It brings DeFi to an institution-ready, privacy-preserving environment. Alpend enables users to lend and borrow digital and cantonized assets. Through collateralized on-ledger loans, the protocol lets participants earn yield on depo",New Featured App Request: Palladium (Sats Labs Inc.),116245240
,LITHIUM DIGITAL LIMITED,"Disclaimer You may not use the Canton name, logo, or any other Canton trademark in, or as part of, your product or service name. BRAND GUIDLINES: Lithium Digital Ecosystem",,,,": Lithium Digital is delivering its ecosystem layer on the canton Network. Lithium Digital ecosystem which include’s our StakingIntel for Insights, Web3 APis and LC wallet for redeeming both internal and external services and products. This will be powered by Lithium Credits (LC) and Committed Lithi",New Featured App Request: LITHIUM DIGITAL LIMITED,116160112
,RoundBeat,"Disclaimer You may not use the Canton name, logo, or any other Canton trademark in, or as part of, your product or service name. BRAND GUIDLINES: RoundBeat",,,,": RoundBeat is a SaaS platform that provides real-time, external monitoring for multiple blockchain validators across multiple networks, starting with Canton. It gives operators full visibility into uptime, missed rounds, validator version status, and balance levels. Users can set custom alerts — fo",New Featured App Request: RoundBeat,116143950
,"Guffey, Inc.","Disclaimer You may not use the Canton name, logo, or any other Canton trademark in, or as part of, your product or service name. BRAND GUIDLINES: ACME Lend",,,,": ACME Lend is a decentralized, overcollateralized lending platform built on the Canton Network that enables users and institutions to lend, borrow, and manage digital assets securely within a permissioned blockchain environment. The platform supports: - Creation of new lending markets for supported","New Featured App Request: Guffey, Inc.",116124874
,FDF Technologies,: Tokino,,,,": Tokino is envisioned as a foundational building block for DeFi on the Canton Network. Its mission is to provide a core utility for token holders through an accessible token locking mechanism. By locking their Canton Coin (CC), participants are incentivized to hold their assets, which contributes t",New Featured App Request: FDF Technologies,115915419
,Emscote Arden Solutions FZC,: Registerlabs,,,,": Register Labs – Compliance Platform A blockchain-enabled compliance platform for managing and verifying supplier documentation. Companies can request vendors to upload due-diligence files (such as ISO, insurance, and safety certificates) into secure AWS storage. Each upload or update automatically",New Featured App Request: Emscote Arden Solutions FZC,115855023
,HydraX,"Disclaimer You may not use the Canton name, logo, or any other Canton trademark in, or as part of, your product or service name. BRAND GUIDLINES: Metra (by HydraX)",,,,": Our platform, built on the Canton Network (DAML), modernizes the initial book building for tokenized asset offerings. The system facilitates Issuer onboarding and asset tokenization, initiating the offering. Investors participate by securing commitments through a controlled Deposit action. Funds a",New Featured App Request: HydraX,116114026
,ANGELHACK PTE. LTD.,"Disclaimer You may not use the Canton name, logo, or any other Canton trademark in, or as part of, your product or service name. BRAND GUIDLINES: Kairo",,,,": Kairo is a Decentralised Exchange (DEX) housed on Canton Network. It offers RFQ-based swaps for trading of all native digital assets that exist on Canton Network. Built and powered by DAML smart contracts , Kairo provides a unified, secure, and highly flexible trading environment, making complex D",New Featured App Request: ANGELHACK PTE. LTD.,116112982
,"Modulo Labs, Inc.","Disclaimer You may not use the Canton name, logo, or any other Canton trademark in, or as part of, your product or service name. BRAND GUIDLINES: Modulo",,,,": Provide a summary of what your application will do: Modulo is principally comprised of two parts: 1. A multichain self-custody wallet 2. A cross-chain protocol layer that enables lending, borrowing, swapping, levered trading, prediction markets, and more At launch, Modulo supports EVM, SVM, and Ca","New Featured App Request: Modulo Labs, Inc.",116107202
,OpenVector,: Zoro Wallet,,,,: Zoro wallet is a non-custodial & native canton wallet that relies on external party IDs. It runs on any web browser on both mobile and desktop. Allows for sending and receiving of Canton Coins and eventually will support tokens adhering to the token standard.,New Featured App Request: OpenVector - Zoro Wallet,115954716
,Thetanuts Asset Corp,"Disclaimer You may not use the Canton name, logo, or any other Canton trademark in, or as part of, your product or service name. BRAND GUIDLINES: Thetamarkets",,,,": Thetamarkets is a decentralized options platform that enables yield generation through DeFi Option Vaults (DOVs). Users deposit digital assets into managed vault strategies—including covered calls, cash-settled puts, and wheel strategies—to earn sustainable yield from option premiums. The platform",New Featured App Request: Thetanuts Asset Corp,116101179
,Flipside Crypto,"Disclaimer You may not use the Canton name, logo, or any other Canton trademark in, or as part of, your product or service name. BRAND GUIDLINES: Confirmed. We will not use the Canton name or logo in product branding beyond required attribution.",,,,": FlipsideAI’s Canton Module delivers AI-driven on-chain analytics for Canton. It lets validators and ecosystem partners query Canton data via chat, view validator metrics, and analyze flows such as token movement and bridge activity. It helps Canton participants understand network activity and earn",New Featured App Request: Flipside Crypto,116055961
,PeerTrust Ltd,: PeerTrust,,,,": PeerTrust is an HR credential platform that lets organisations collect, track, and prove staff work-readiness: right-to-work, background checks, licences, qualifications, immunisations, and safety training. Files stay private in encrypted storage, while a tamper-evident proof is anchored to the Ca",New Featured App Request: PeerTrust Ltd,115874334
,Cypherock,: Cypherock Wallet,,,,": Its support of Canton network on the Cypherock hardware wallet, self custodian that relies on external party IDs. The users can send/receive Canton coins and other tokens that adhere to the token standard. This also covers support on the cySync app (both desktop and mobile) and a web wallet throug",New Featured App Request: Cypherock,115831007
,Zodia Custody,Zodia Custody,,,,,New Featured App Request: Zodia Custody,116047093
,Alpha DNA Private Ltd,"Disclaimer You may not use the Canton name, logo, or any other Canton trademark in, or as part of, your product or service name. BRAND GUIDLINES: Unhedged",,,,: Unhedged is a decentralized prediction market platform built on the Canton Network. It introduces a time-weighted rewards mechanism that incentivizes early participation and accurate forecasting in binary and multiple-choice markets. By using smart contract-based escrow and eliminating pooled bets,New Featured App Request: Alpha DNA Private Ltd,116033481
,pixelplex,"Disclaimer You may not use the Canton name, logo, or any other Canton trademark in, or as part of, your product or service name. BRAND GUIDLINES: Console Wallet",,,,": Console is a self‑custodial browser wallet for the Canton network. It covers the basics first: store, send, and receive tokens with clear fees. Keys stay on your device with passkeys. Connect to apps with a familiar web3 flow. You see what the app asks for. You review the details and fees. You app",New Featured App Request: pixelplex,116031194
,OpenVector,OpenVector,,,,,New Featured App Request: OpenVector,116053946
,Opus 28,"Disclaimer You may not use the Canton name, logo, or any other Canton trademark in, or as part of, your product or service name. BRAND GUIDLINES: OpusAccess",,,,: Provide tokenized access to investment opportunities,New Featured App Request: Opus 28,116017197
,Excellar International SAC Ltd.,": Excellar – Bermuda-regulated, yield-bearing tokens denominated in dollars, bitcoin, and other cryptocurrencies, along with related applications.",,,,": Excellar issues regulated yield-bearing tokens (xlTokens) on Canton denominated in BTC, ETH, and USD etc. We're the first Bermuda-licensed platform bringing institutional-grade Bitcoin and dollar yields to Canton Network, enabling enterprises, institutions, PSPs, and DeFi protocols to earn complia",New Featured App Request: Excellar International SAC Ltd.,115789035
,The Ching Labs Ltd.,: DeSyn Protocol,,,,": DeSyn Protocol provides a modular vault infrastructure that allows participants to create, manage, and operate tokenized vaults for liquidity and yield strategies. It simplifies access to complex DeFi opportunities by transforming them into intuitive, structured products that drive participation a",New Featured App Request: The Ching Labs Ltd.,115704000
,Staketab,: CantonGo Data App,,,,": CantonGo is a featured analytics and infrastructure platform on the Canton Network, offering a number of unique features like metahub name service, app directory, ecosystem hub, and powerful data insights, designed to enhance network transparency, validator performance, and ecosystem growth. It op",New Featured App Request: Staketab,115791283
,DTEAM,"Disclaimer You may not use the Canton name, logo, or any other Canton trademark in, or as part of, your product or service name. BRAND GUIDLINES: Transparent Scan",,,,": v1 Transparent Scan is a live app built for validators and users within the Canton ecosystem. It forms a structured marketplace where validators can offer RPС access, and users can connect to these endpoints through a paid subscription. This model allows validators to monetize their infrastructure",New Featured App Request: DTEAM,115997255
,Foundinals Lab,"Disclaimer You may not use the Canton name, logo, or any other Canton trademark in, or as part of, your product or service name. BRAND GUIDLINES: Canton Faucet",,,,": The Canton Faucet is a free testnet/devnet/main token dispenser for the Canton Network, a privacy-enabled blockchain interoperability protocol developed by Digital Asset. It allows developers, testers, and enthusiasts to request small amounts of test/real tokens to experiment with smart contracts,",New Featured App Request: Foundinals Lab,115992614
,Traffic Infrastructure Ltd,: Canton Finance is a decentralized stablecoin and yield protocol built on the Canton Network.,,,,": Canton Finance is building the first Asia-based, compliant on-chain yield and asset issuance platform on the Canton Network. Our platform enables users to deposit and over-collateralize digital assets — such as $USDT, $USDC, and $BTC — to mint $USDA (Asian USD), a network-native stable asset desig",New Featured App Request: Traffic Infrastructure Ltd,115970731
,pixelplex,: CantonView by pixelplex,,,,": CantonView is a full-featured blockchain explorer built for the Canton Network. It allows users to explore transactions, contracts, parties, and network activity in real time. The platform provides powerful search, filtering, and visualization tools designed to improve transparency, monitoring, an",New Featured App Request: pixelplex,115929012
,Ninteen26 Ltd,: PropNotary,,,,": PropNotary – Trusted Document and Professional Verification Network PropNotary is a blockchain-enabled verification platform designed to bring integrity and traceability to professional document verification. It allows authorised professionals (lawyers, surveyors, accountants, consultants) to atte",New Featured App Request: Ninteen26 Ltd,115926384
,Noders LLC,: UnitedApp,,,,": United App consists of: - Deepdive into Canton Network and Ecosystem library of all apps and projects - Canton Educational Academy (articles, videos, learning tools) - Advanced intelligence and insights - Useful resources for developers - Canton AI assistant - Platform for ambassador campaigns/hac",New Featured App Request: Noders LLC,115916749
,Sekoya Labs,: Canton Watch,,,,": Canton Watch provides real-time transaction monitoring and push notifications via Telegram for Canton Network accounts. Users add their accounts and receive instant, formatted alerts for transfers, validator rewards, and app rewards directly on their mobile devices or laptops. This eliminates the ",New Featured App Request: Sekoya Labs,115796386
,Five North,: 5N ID,,,,": A unified credential management platform for the canton network. We build a ""login with canton"" functionality that allows all users to login with their external wallets to any canton application. On top of that, the application is responsible for sharing credentials between apps. For example, Alic",New Featured App Request: Five North,115363096
,Kaiko,Kaiko,,,,,New Featured App Request: Kaiko,115873905
,T,: RizeScore by T-RIZE,,,,": CantonScore leverages the Rizemind framework to calculate the Featured App Rank & Performance Score—an AI-driven system that objectively evaluates each Featured App’s contribution to network health by measuring activity stability, adoption growth, relationship mapping, and elasticity, the ratio be",New Featured App Request: T-RIZE Group,115864356
,McShane Consulting LLC,: Canton Treasury Connector,,,,": Canton Treasury Connector integrates Canton Network data directly into Slack, increasing financial transparency and reducing operational friction. The CTC integration enables treasury management functions for Canton ecosystem participants like automated cash positions, balance monitoring, payment ",New Featured App Request: McShane Consulting LLC,115847575
,AKASEC,: AKASCAN,,,,: CantonSecurity by AKASEC is a vulnerability scanning and pentesting service that strengthens the Canton ecosystem by providing organizations with advanced security capabilities. It helps increase the overall cyber resilience of the network and supports participants in meeting regulatory compliance,New Featured App Request: AKASEC,115841095
,OpenVector,: Canton Exchange by OpenVector,,,,: Canton Exchange by OpenVector is the 1st AMM on the Canton Network. It will allow users to trade native and bridged assets on Canton Network and earn for providing liquidity to these assets.,New Featured App Request: OpenVector,115801734
,Texture Capital Inc. (subsidiary of Texture Capital Holdings Corp.),: Texture Alternative Trading System (ATS),,,,: Texture Capital Inc is a subsidiary of Texture Capital Holdings and a FINRA member broker-dealer and operator of an SEC registered Alternative Trading System.Texture Transfer Services is a separate subsidiary that is an SEC-registered transfer agent. We operate a Canton validator and have integrat,New Featured App Request: Texture Capital Inc. (subsidiary of Texture Capital Holdings Corp.),115798521
,Texture Capital Holdings,: Texture Capital Offering Platform,,,,: Texture Capital Inc is a subsidiary of Texture Capital Holdings and a FINRA member broker-dealer and operator of an SEC registered Alternative Trading System.Texture Transfer Services is a separate subsidiary that is an SEC-registered transfer agent. Our unique U.S. regulatory status allows us to ,New Featured App Request: Texture Capital Holdings,115798271
,Macao Mining Company,: Pilot,,,,": Pilot by Macao Mining is an AI-powered co-pilot that transforms blockchain data into actionable intelligence. It delivers agentic insights, automates analysis, and coordinates secure on-chain actions—helping enterprises and individuals navigate and operate confidently across decentralized networks",New Featured App Request: Macao Mining Company,115704346
,Chainbridge Accounting & Advisory,: Canton Validator Tax Planner & Finance Hub,,,,": Chainbridge's Validator Tax Planner enables validators to calculate their validator revenue and accurately estimate their monthly revenue, realized gains, and tax liability based on their entity type and jurisdiction. The Tax Planner is the first tool in the Chainbridge Canton Finance Hub. Subscri",New Featured App Request: Chainbridge Accounting & Advisory,115703548
,Fairmint,": CantonOps - Explorer for App builders and Validators (transaction, customer activity, analytics, app rewards, validator rewards...)",,,,": A complete analytics and operations suite for the Canton Network, CantonOps enables validators & app builders to manage their nodes, monitor their transactions, traffic & activity, and track in details their rewards (app, validator) with full transparency & actionable insights.",New Featured App Request: Fairmint,115649182
,Bitsafe,: Extension of the CBTC token decentralized-party app,,,,": CBTC is a 1:1 wrapped Bitcoin token by BitSafe, designed for secure and decentralized bridging to the Canton Network. Each CBTC is CIP-56 compliant, and is fully backed by Bitcoin held in a secure, decentralized custody system powered by FROST (Flexible Round-Optimized Schnorr Threshold Signatures",New Featured App Request: Bitsafe,115636367
,"Profitr, Inc.",: Profitr,,,,": We partner with leading private lenders to offer investors access to best-in-class, fully-funded, structured, performing loans. Profitr tokenizes private credit instruments on Canton.","New Featured App Request: Profitr, Inc.",115576007
,Towler Enterprises,: FlowRyd,,,,"Flowryd is a network intelligence and workflow orchestration application that accelerates on-chain market formation. It uses agentic insights to automate analysis for any participant to discover their network “DNA” using their unique position in the network to recommend complementary participants, a",New Featured App Request: Towler Enterprises,115540610
,Mandalo Inc,: Mandalo,,,,": Mandalo is a financial platform for people in high-inflation economies to save in USD, invest in U.S. stocks and crypto, and spend locally with a Visa card. It has integrated financial education to empower users to build lasting wealth",New Featured App Request: Mandalo Inc,115496473
,M1 Global,M1 Global,,,,,New Featured App Request: M1 Global,115397089
,Digital Asset,: USDC Bridge,,,,": Digital Asset, in partnership with Circle, are developing, deploying and operating a bridge between USDC on Ethereum and a wrapped USDC token on Canton Network. This bridge forms the basis to allow USDC to be deposited on Ethereum and a wrapped equivalent be created on Canton Network, or conversel",New Featured App Request: Digital Asset - Bridge Operator for USDC,115433697
,Zodia Custody,: Zodia Custody,,,,": Zodia Custody is the bank-bred digital asset custodian and infrastructure provider. With respect to the Canton blockchain, Zodia provides institutional custody and infrastructure services such that clients holding Canton Coin or tokens issued on Canton using CIP-56 have the option to pay their inv",New Featured App Request: Zodia Custody,115416465
,Node Fortress,: Canton Network Explorer,,,,": The Canton Network Explorer is the most complete explorer for the Canton ecosystem, designed to become the reference point for users and applications. It provides live network data, API access, and will expand to indexed datasets, alerting, and monitoring capabilities.",New Featured App Request: Node Fortress,115387547
,Obligate AG,: Obligate,,,,": Obligate is a Swiss‑regulated platform enabling the issuance, distribution, and lifecycle management of tokenized bonds and structured products. On Canton, we will roll out real‑world assets (RWA) by bridging regulated debt capital markets into the network. Our app provides a compliant infrastruct",New Featured App Request: Obligate AG,115376931
,"Noves, Inc",: Canton Data App,,,,": Noves is building the Canton Data App to provide a simple API offering enriched and translated transaction data across Canton applications. This data is complete, accurate, and reconcilable, making it ideal for reporting scenarios. It can be deployed as a single tenant application, on premises, so","New Featured App Request: Noves, Inc",115351610
,Proof Group,: Canton Node,,,,": Canton Node is an API gateway hub for anyone looking to access the Canton blockchain. Through Canton Node, clients will have a streamlined way of accessing information and data on the Canton blockchain without having to run their own validator or whitelist to a Super Validator. This should be a hu",New Featured App Request: Proof Group,115213466
,Trakx SAS,: Trakx Crypto Tradable Indices (CTIs),,,,: The Trakx app lets users tokenize and trade Crypto Tradable Indices directly on the Canton Network,New Featured App Request: Trakx SAS,115179346
,Send,: Canton Wallet,,,,: Onboard users via Passkeys. Canton token standard p2p transfers and custody. Multisig interested parties.,New Featured App Request: Send,115109706
,Temple,Temple,,,,,New Featured App Request: Temple,115006409
,Tenkai GmbH,Tenkai GmbH,,,,,New Featured App Request: Tenkai GmbH,114988822
,Black Manta Capital Partners,Black Manta Capital Partners,,,,,New Featured App Request: Black Manta Capital Partners,114937743
,IPBlock LLC,IPBlock LLC,,,,,New Featured App Request: IPBlock LLC,114794792
,C7,C7,,,,,New Featured App Request: C7,114778783
,Cantor8/DigiK,Cantor8/DigiK,,,,,New Featured App Request: Cantor8/DigiK,114699319
,The Tie,The Tie,,,,,New Featured App Request: The Tie,114668538
,EquiTek LLC,EquiTek LLC,,,,,New Featured App Request: EquiTek LLC,114659953
,Five North,Five North,,,,,New Featured App Request: Five North,114578556
,Lukka,Lukka,,,,,New Featured App Request: Lukka,114576356
,Tradeweb,Tradeweb,,,,,New Featured App Request: Tradeweb,114550179
,BRIKLY INC.,BRIKLY INC.,,,,,New Featured App Request: BRIKLY INC.,114455693
,Obsidian Software LLC,Obsidian Software LLC,,,,,New Featured App Request: Obsidian Software LLC,114342645
,T,RIZE Group,,,,,New Featured App Request: T-RIZE Group,114309625
,Five North,Five North,,,,,New Featured App Request: Five North,113857858
,Lukka Inc.,Lukka Inc.,,,,,New Featured App Request: Lukka Inc.,113846026
,Coin Metrics,Coin Metrics,,,,,New Featured App Request: Coin Metrics,113833065
,DLC (BVI) Holdings Ltd,DLC (BVI) Holdings Ltd,,,,,New Featured App Request: DLC (BVI) Holdings Ltd,113821853
,MPCH,MPCH,,,,,New Featured App Request: MPCH,113700641
,Kaiko,Kaiko,,,,,New Featured App Request: Kaiko,113686400
,Dfns,Dfns,,,,,New Featured App Request: Dfns,113472368
,The Tie's Proposal to Feature a Second PartyID for App Scalability,The Tie's Proposal to Feature a Second PartyID for App Scalability,,,,,Featured App Request: The Tie's Proposal to Feature a Second PartyID for App Scalability,113448066
,"Fairmint, Inc.","Fairmint, Inc.",,,,,"New Featured App Request: Fairmint, Inc.",113241893
,Novaprime Innovations LLC,Novaprime Innovations LLC,,,,,New Featured App Request: Novaprime Innovations LLC,113266757
,Bron Foundation,Bron Foundation,,,,,New Featured App Request: Bron Foundation,112787885
,Copper Markets (Switzerland) AG CHE,477.629.838,,,,,New Featured App Request: Copper Markets (Switzerland) AG CHE-477.629.838,112450771
,Bitalpha dba Bitwave,Bitalpha dba Bitwave,,,,,New Featured App Request: Bitalpha dba Bitwave,112582865
,Dfns,Dfns,,,,,New Featured App Request: Dfns,112541379
,The Tie,The Tie,,,,,New Featured App Request: The Tie,111959462
,Chata Technologies Inc,Chata Technologies Inc,,,,,New Featured App Request: Chata Technologies Inc,111931451
